date,week,paid_search_spend,paid_social_spend,influencer_spend,tv_spend,macro_economic_index,holiday_flag,total_revenue
2023-01-02,1,45190.82,25168.07,769.11,0.0,100.0,0,537752.95
2023-01-09,2,32076.67,27509.15,1105.06,0.0,100.014,0,544199.61
2023-01-16,3,49791.19,22671.99,1329.6,89991.95,100.2,0,589236.76
2023-01-23,4,51741.13,34466.12,1381.59,94972.14,99.195,0,641033.88
2023-01-30,5,5356.66,19978.33,755.45,130886.69,99.685,0,637840.28
2023-02-06,6,28909.37,32494.38,50647.48,105865.95,99.802,0,675128.0
2023-02-13,7,40839.82,40599.65,51066.87,0.0,98.677,0,661848.29
2023-02-20,8,36087.94,56822.49,50338.74,0.0,98.85,0,615337.84
2023-02-27,9,38384.48,50926.09,1256.07,0.0,98.975,0,596256.4
2023-03-06,10,30726.63,41399.88,741.21,0.0,100.774,0,587247.08
2023-03-13,11,46743.96,31383.51,173.79,0.0,101.492,0,576774.95
2023-03-20,12,44963.45,17569.26,108.09,0.0,101.312,0,539441.25
2023-03-27,13,37144.65,25487.33,1262.99,0.0,101.375,0,531452.94
2023-04-03,14,47827.56,19258.48,40744.56,99938.6,101.248,0,578692.99
2023-04-10,15,40082.66,22596.04,41082.13,102426.34,100.92,0,611813.83
2023-04-17,16,28460.97,37411.64,41162.4,81713.05,99.853,0,602317.76
2023-04-24,17,8656.98,29991.09,40920.7,77809.03,99.787,0,563212.79
2023-05-01,18,27278.2,21428.13,470.84,81684.69,99.198,0,573742.51
2023-05-08,19,42903.32,19777.9,1114.04,72081.05,98.247,0,523832.94
2023-05-15,20,33856.15,41076.44,22.02,0.0,99.027,0,536849.21
2023-05-22,21,32638.86,30055.97,1240.76,0.0,99.585,0,455656.2
2023-05-29,22,28804.53,34471.21,1284.82,0.0,98.102,1,503173.28
2023-06-05,23,46405.34,27587.84,30177.27,0.0,98.343,0,499108.62
2023-06-12,24,32987.5,34138.5,29849.3,0.0,99.556,0,511765.29
2023-06-19,25,30956.65,29867.13,30520.14,0.0,100.648,0,491872.73
2023-06-26,26,31765.89,14518.68,179.51,79064.27,101.549,0,511091.45
2023-07-03,27,39964.56,27902.69,547.38,94817.38,101.43,1,644095.26
2023-07-10,28,38719.87,26460.36,1437.64,108266.71,100.536,0,587239.46
2023-07-17,29,39633.09,28982.61,1493.2,108749.77,99.564,0,638111.24
2023-07-24,30,40321.87,39384.38,1158.16,0.0,100.027,0,602505.39
2023-07-31,31,62697.17,15800.42,27032.22,0.0,100.454,0,601999.46
2023-08-07,32,33642.94,22987.6,27597.28,0.0,101.638,0,602363.12
2023-08-14,33,33261.83,49780.2,27623.89,0.0,102.478,0,596250.29
2023-08-21,34,31325.36,29131.86,581.76,0.0,102.086,0,556831.23
2023-08-28,35,45484.87,63032.78,961.33,0.0,100.755,0,578462.8
2023-09-04,36,52512.0,30090.14,16.09,0.0,100.46,1,632631.85
2023-09-11,37,39072.62,34162.2,313.59,100315.01,100.694,0,582261.52
2023-09-18,38,33065.33,24141.69,787.63,133487.42,100.519,0,624897.84
2023-09-25,39,33661.3,34366.29,245.63,114962.79,100.035,0,637981.12
2023-10-02,40,49315.09,36869.8,248.86,124976.51,100.375,0,688505.43
2023-10-09,41,51087.07,30106.6,1254.46,131756.14,99.985,0,690644.41
2023-10-16,42,49133.29,30293.16,33451.14,0.0,99.545,0,681953.82
2023-10-23,43,36678.25,30728.58,32801.4,0.0,100.019,0,655547.25
2023-10-30,44,46298.15,23254.44,33226.05,133171.71,99.784,0,691102.91
2023-11-06,45,45301.56,27926.39,33452.93,170113.67,100.168,0,723811.2
2023-11-13,46,13419.92,44782.25,212.39,145363.96,100.524,0,688898.3
2023-11-20,47,55247.94,51347.29,672.37,153938.14,99.558,1,772060.72
2023-11-27,48,47110.18,60030.91,588.86,175118.04,99.332,1,807459.73
2023-12-04,49,52846.11,22459.54,120.07,140867.43,100.87,0,723764.18
2023-12-11,50,45334.32,28384.85,49393.1,165501.4,99.841,0,717432.5
2023-12-18,51,47819.12,42416.92,48910.77,137977.33,98.11,0,743689.3
2023-12-25,52,51906.08,24305.33,48964.1,0.0,96.87,1,785605.63
2024-01-01,53,30633.42,23800.16,226.01,0.0,97.522,1,715683.34
2024-01-08,54,40448.0,30691.01,271.39,0.0,98.081,0,650638.05
2024-01-15,55,38651.06,35947.58,1360.66,0.0,98.425,0,639370.6
2024-01-22,56,36724.8,29104.07,66.97,0.0,99.919,0,615796.11
2024-01-29,57,39816.13,40320.41,349.28,106044.06,97.693,0,651370.58
2024-02-05,58,61294.35,35695.18,438.09,99989.31,98.567,0,651319.6
2024-02-12,59,33566.91,56664.52,735.3,74356.52,100.361,0,672687.3
2024-02-19,60,52427.21,52501.58,31252.34,129999.84,99.469,0,708970.98
2024-02-26,61,26668.47,81424.52,31112.61,0.0,99.387,0,672768.09
2024-03-04,62,36855.21,26892.04,30498.84,0.0,98.984,0,648208.59
2024-03-11,63,41173.83,17074.74,365.5,0.0,98.518,0,616701.23
2024-03-18,64,45157.54,41887.63,1265.38,0.0,98.635,0,611632.59
2024-03-25,65,45980.03,24906.37,956.38,0.0,100.317,0,587724.37
2024-04-01,66,46343.14,28571.3,973.72,0.0,102.118,0,556561.88
2024-04-08,67,34420.57,38438.17,1005.3,0.0,101.696,0,542322.86
2024-04-15,68,6928.92,18499.74,1144.35,67404.46,103.357,0,528278.68
2024-04-22,69,45590.26,20137.23,87.16,78158.85,103.089,0,566751.71
2024-04-29,70,34780.18,18409.98,549.91,67655.88,104.411,0,571579.58
2024-05-06,71,26342.81,22489.25,25598.04,88488.79,103.876,0,606769.48
2024-05-13,72,27160.32,48936.43,25296.43,91368.96,103.625,0,623185.67
2024-05-20,73,28560.22,49969.58,26055.46,0.0,103.626,0,590785.55
2024-05-27,74,40645.47,46989.96,25512.6,0.0,106.162,1,649521.41
2024-06-03,75,37221.56,19277.26,1152.94,0.0,106.226,0,569714.4
2024-06-10,76,42800.85,15434.52,1278.02,65851.78,104.881,0,570412.45
2024-06-17,77,32515.39,27951.87,757.19,69337.94,105.249,0,588109.57
2024-06-24,78,37887.19,24592.46,1364.33,84521.32,104.367,0,610912.94
2024-07-01,79,42930.34,31168.48,880.69,67266.92,103.505,1,667960.97
2024-07-08,80,11660.13,33277.07,1275.41,102965.24,104.034,0,618852.14
2024-07-15,81,42032.33,29059.5,55426.19,76490.7,103.697,0,668966.39
2024-07-22,82,32177.36,34149.34,55663.53,0.0,103.636,0,625274.99
2024-07-29,83,35146.3,3009.58,797.12,0.0,103.349,0,616650.36
2024-08-05,84,35488.39,32666.07,157.47,0.0,103.399,0,592532.67
2024-08-12,85,29389.32,38655.12,597.83,0.0,103.523,0,561982.65
2024-08-19,86,45451.84,44396.69,1376.01,91777.39,101.507,0,609566.41
2024-08-26,87,36343.81,49135.95,946.25,94231.39,102.139,0,640090.24
2024-09-02,88,41632.97,3615.72,266.26,70378.43,101.195,1,698100.1
2024-09-09,89,47516.39,2688.56,41340.73,77948.08,99.982,0,658021.66
2024-09-16,90,47807.0,3403.71,41119.85,125138.13,100.199,0,678474.6
2024-09-23,91,51207.72,2815.15,40869.68,72809.45,100.515,0,695880.9
2024-09-30,92,42867.65,29407.98,42223.64,0.0,100.086,0,684170.65
2024-10-07,93,40010.9,37496.36,672.31,0.0,101.097,0,669435.16
2024-10-14,94,44088.4,18622.43,461.3,0.0,100.004,0,636880.48
2024-10-21,95,29792.01,22282.0,897.72,0.0,99.919,0,613457.48
2024-10-28,96,31910.75,21371.58,10.97,162604.62,99.69,0,631112.43
2024-11-04,97,33158.93,17345.25,417.03,152662.88,99.982,0,668280.13
2024-11-11,98,36179.55,42125.0,1054.55,132259.95,100.527,0,673468.17
2024-11-18,99,51525.22,6036.37,950.65,143493.94,99.835,0,696624.31
2024-11-25,100,12425.44,4670.96,53508.17,138423.42,100.808,1,760871.78
2024-12-02,101,42590.06,3298.55,52965.99,125289.22,101.044,1,801696.59
2024-12-09,102,64758.08,41251.47,716.26,122507.56,99.488,0,778334.47
2024-12-16,103,42731.42,43788.95,1142.15,139577.08,98.108,0,759196.16
2024-12-23,104,55981.18,30863.8,1354.99,131588.72,98.689,1,804188.45
2024-12-30,105,36686.11,43992.88,1081.04,93067.91,98.999,1,804738.44
2025-01-06,106,43773.52,3204.62,1444.82,96602.71,99.371,0,708084.47
2025-01-13,107,36069.21,2534.12,25875.85,90769.77,99.758,0,710896.82
2025-01-20,108,41657.72,26850.54,26003.04,105204.18,100.319,0,747345.31
2025-01-27,109,55393.96,21442.6,171.16,0.0,101.448,0,711399.37
2025-02-03,110,28837.67,24771.48,1098.62,0.0,100.558,0,676622.68
2025-02-10,111,12045.17,45064.34,660.13,0.0,99.749,0,635416.46
2025-02-17,112,9921.18,59984.35,829.66,0.0,99.136,0,585722.3
2025-02-24,113,36878.31,75096.73,981.15,0.0,99.861,0,631495.51
2025-03-03,114,7559.86,21505.76,1454.72,0.0,101.342,0,582708.29
2025-03-10,115,42398.22,33359.15,23827.7,82555.91,101.094,0,642710.44
2025-03-17,116,35984.76,23203.66,22783.18,87560.82,99.024,0,632832.66
2025-03-24,117,42960.48,33736.88,1100.63,121186.69,97.984,0,643949.45
2025-03-31,118,40233.09,28871.48,1124.98,69432.58,97.888,0,630900.08
2025-04-07,119,58996.96,18801.41,519.74,91986.81,98.057,0,646171.93
2025-04-14,120,36816.23,37343.91,185.8,105106.11,98.338,0,625677.5
2025-04-21,121,29957.43,25375.0,61.42,0.0,98.982,0,599105.85
2025-04-28,122,12824.4,25764.83,21784.42,0.0,99.217,0,545800.58
2025-05-05,123,40229.42,22491.36,21352.96,0.0,100.645,0,560576.84
2025-05-12,124,53186.78,39875.08,22096.72,0.0,100.309,0,573171.67
2025-05-19,125,46479.5,52234.95,697.46,0.0,99.858,0,602312.62
2025-05-26,126,41164.34,44775.55,1466.88,0.0,100.686,1,605178.62
2025-06-02,127,54285.54,31883.37,617.36,65558.62,99.579,0,587828.72
2025-06-09,128,7863.04,32204.59,1190.52,70530.35,100.374,0,562966.91
2025-06-16,129,32283.13,41028.08,127.23,113010.37,100.794,0,617752.81
2025-06-23,130,30226.68,27155.79,43042.1,0.0,100.929,0,610511.16
2025-06-30,131,34833.84,20531.67,43412.0,0.0,102.609,1,664848.59
2025-07-07,132,27472.79,38960.25,1387.05,0.0,102.051,0,584676.51
2025-07-14,133,14276.55,27605.65,1233.87,75258.77,103.993,0,622109.77
2025-07-21,134,37515.31,39854.54,55.46,67153.1,103.591,0,638435.18
2025-07-28,135,27821.91,33401.37,559.05,72331.31,102.305,0,658459.67
2025-08-04,136,31618.24,29563.0,73.05,0.0,102.427,0,614530.44
2025-08-11,137,44735.59,53697.66,163.92,0.0,101.502,0,620762.24
2025-08-18,138,51785.86,80722.29,35726.32,0.0,101.011,0,640706.31
2025-08-25,139,70257.77,83908.53,35783.25,83528.4,101.631,0,715305.13
2025-09-01,140,89733.78,31979.35,35873.94,104208.71,102.303,1,827109.75
2025-09-08,141,48772.17,32950.88,36011.55,106734.23,101.818,0,748973.47
2025-09-15,142,34845.87,41726.18,1109.15,123914.42,102.857,0,747130.88
2025-09-22,143,26561.76,25985.6,1201.31,72803.96,103.896,0,710789.09
2025-09-29,144,49048.61,35122.0,73.45,0.0,105.033,0,710610.09
2025-10-06,145,37906.86,32308.72,351.8,0.0,105.187,0,659536.0
2025-10-13,146,42349.61,35378.21,932.85,0.0,106.071,0,651119.25
2025-10-20,147,40732.82,26698.48,47605.9,0.0,103.906,0,667571.82
2025-10-27,148,46240.08,22205.65,46325.46,120095.87,103.475,0,738441.24
2025-11-03,149,63001.97,19760.74,47090.65,128756.14,102.617,0,800886.15
2025-11-10,150,50507.89,40293.16,47334.64,159941.06,102.779,0,787912.85
2025-11-17,151,46895.47,47645.45,44.41,159525.37,102.298,0,814950.02
2025-11-24,152,37782.89,49769.99,602.03,161515.52,102.257,1,860031.1
2025-12-01,153,32257.28,54411.82,1343.45,138443.42,104.068,1,852113.39
2025-12-08,154,43420.38,44240.81,1007.42,169839.19,103.764,0,800412.79
2025-12-15,155,48308.44,26385.52,356.49,153257.52,104.034,0,788964.11
2025-12-22,156,75948.7,36590.19,1279.17,0.0,103.685,1,844678.97
